ID	relation_id	score	role1_type	role1_id	role2_type	role2_id	correlation_type	entity1	entity2
27354352	R1	0.9991	Disease	MESH:D001943	Variant	RS#:16992204;CorrespondingGene:54064	cause	@DISEASE_Breast_Neoplasms	@VARIANT_rs16992204
27354352	R2	0.9946	Disease	MESH:D001943	Variant	RS#:12118297	cause	@DISEASE_Breast_Neoplasms	@VARIANT_rs12118297
27354352	R3	0.9936	Disease	MESH:D001943	Gene	54064	associate	@DISEASE_Breast_Neoplasms	@GENE_LINC00160
27354352	R4	0.999	Disease	MESH:D001943	Gene	8543	associate	@DISEASE_Breast_Neoplasms	@GENE_LMO4
19219042	R1	0.9988	Disease	MESH:D001943	Variant	RS#:2046210	cause	@DISEASE_Breast_Neoplasms	@VARIANT_rs2046210
19219042	R2	0.9954	Disease	MESH:D001943	Gene	2099	associate	@DISEASE_Breast_Neoplasms	@GENE_ESR1
22951594	R1	0.6704	Disease	MESH:D056828	Variant	RS#:6788895;CorrespondingGene:6478	associate	@DISEASE_Hereditary_Angioedema_Type_III	@VARIANT_rs6788895
22951594	R2	0.9995	Disease	MESH:D001943	Gene	2263	associate	@DISEASE_Breast_Neoplasms	@GENE_FGFR2
22951594	R3	0.9982	Disease	MESH:D001943	Variant	RS#:6788895;CorrespondingGene:6478	cause	@DISEASE_Breast_Neoplasms	@VARIANT_rs6788895
22951594	R4	0.998	Disease	MESH:D001943	Variant	RS#:3750817;CorrespondingGene:2263	cause	@DISEASE_Breast_Neoplasms	@VARIANT_rs3750817
22951594	R5	0.9996	Disease	MESH:D056828	Gene	6478	associate	@DISEASE_Hereditary_Angioedema_Type_III	@GENE_SIAH2
22951594	R6	0.9997	Disease	MESH:D001943	Gene	6478	associate	@DISEASE_Breast_Neoplasms	@GENE_SIAH2
22951594	R7	0.6704	Disease	MESH:D056828	Gene	6478	associate	@DISEASE_Hereditary_Angioedema_Type_III	@GENE_SIAH2
22951594	R8	0.9982	Disease	MESH:D001943	Gene	6478	associate	@DISEASE_Breast_Neoplasms	@GENE_SIAH2
22951594	R9	0.998	Disease	MESH:D001943	Gene	2263	associate	@DISEASE_Breast_Neoplasms	@GENE_FGFR2
32514122	R1	0.9996	Disease	MESH:D011471	Gene	4824	associate	@DISEASE_Prostatic_Neoplasms	@GENE_NKX3_1
32514122	R2	0.5475	Disease	MESH:D008175	Variant	RS#:75932146;HGVS:p.V326A;CorrespondingGene:25913	cause	@DISEASE_Lung_Neoplasms	@VARIANT_p.V326A_POT1_human
32514122	R3	0.6232	Disease	MESH:D008175	Variant	RS#:11235604;HGVS:p.R220W;CorrespondingGene:89849	associate	@DISEASE_Lung_Neoplasms	@VARIANT_p.R220W_ATG16L2_human
32514122	R4	0.5028	Disease	MESH:D003324	Variant	RS#:11235604;HGVS:p.R220W;CorrespondingGene:89849	associate	@DISEASE_Coronary_Artery_Disease	@VARIANT_p.R220W_ATG16L2_human
32514122	R5	0.9995	Disease	MESH:D008175	Gene	25913	associate	@DISEASE_Lung_Neoplasms	@GENE_POT1
32514122	R6	0.9996	Disease	MESH:D003324	Gene	89849	associate	@DISEASE_Coronary_Artery_Disease	@GENE_ATG16L2
32514122	R7	0.5475	Disease	MESH:D008175	Gene	25913	associate	@DISEASE_Lung_Neoplasms	@GENE_POT1
32514122	R8	0.6232	Disease	MESH:D008175	Gene	89849	associate	@DISEASE_Lung_Neoplasms	@GENE_ATG16L2
32514122	R9	0.5028	Disease	MESH:D003324	Gene	89849	associate	@DISEASE_Coronary_Artery_Disease	@GENE_ATG16L2
27432226	R1	0.9358	Disease	MESH:D009369	Variant	RS#:7937840;CorrespondingGene:3619	cause	@DISEASE_Neoplasms	@VARIANT_rs7937840
27432226	R2	0.9848	Disease	MESH:D061325	Variant	RS#:8037137;CorrespondingGene:91433	cause	@DISEASE_Hereditary_Breast_and_Ovarian_Cancer_Syndrome	@VARIANT_rs8037137
27432226	R3	0.9875	Disease	MESH:D001943	Variant	RS#:5013329;CorrespondingGene:387338	cause	@DISEASE_Breast_Neoplasms	@VARIANT_rs5013329
27432226	R4	0.99	Disease	MESH:D010051	Variant	RS#:9375701;CorrespondingGene:84456	cause	@DISEASE_Ovarian_Neoplasms	@VARIANT_rs9375701
27432226	R5	0.988	Disease	MESH:D001943	Variant	RS#:9375701;CorrespondingGene:84456	cause	@DISEASE_Breast_Neoplasms	@VARIANT_rs9375701
27432226	R6	0.9923	Disease	MESH:D010051	Variant	RS#:17041869;CorrespondingGene:10018	cause	@DISEASE_Ovarian_Neoplasms	@VARIANT_rs17041869
27432226	R7	0.4417	Disease	MESH:D010051	Gene	10018	stimulate	@DISEASE_Ovarian_Neoplasms	@GENE_BCL2L11
27432226	R8	0.9362	Disease	MESH:D009369	Variant	RS#:17041869;CorrespondingGene:10018	cause	@DISEASE_Neoplasms	@VARIANT_rs17041869
27432226	R9	0.9796	Disease	MESH:D061325	Variant	RS#:200182588;CorrespondingGene:10592	cause	@DISEASE_Hereditary_Breast_and_Ovarian_Cancer_Syndrome	@VARIANT_rs200182588
27432226	R10	0.9987	Disease	MESH:D061325	Gene	91433	associate	@DISEASE_Hereditary_Breast_and_Ovarian_Cancer_Syndrome	@GENE_RCCD1
27432226	R11	0.9873	Disease	MESH:D010051	Variant	RS#:200182588;CorrespondingGene:10592	cause	@DISEASE_Ovarian_Neoplasms	@VARIANT_rs200182588
27432226	R12	0.9994	Disease	MESH:D009369	Gene	10018	associate	@DISEASE_Neoplasms	@GENE_BCL2L11
27432226	R13	0.9861	Disease	MESH:D010051	Variant	RS#:7937840;CorrespondingGene:3619	cause	@DISEASE_Ovarian_Neoplasms	@VARIANT_rs7937840
27432226	R14	0.9947	Disease	MESH:D061325	Gene	10592	associate	@DISEASE_Hereditary_Breast_and_Ovarian_Cancer_Syndrome	@GENE_SMC2
27432226	R15	0.9876	Disease	MESH:D010051	Variant	RS#:8037137;CorrespondingGene:91433	cause	@DISEASE_Ovarian_Neoplasms	@VARIANT_rs8037137
27432226	R16	0.9369	Disease	MESH:D001943	Gene	84456	associate	@DISEASE_Breast_Neoplasms	@GENE_L3MBTL3
27432226	R17	0.9987	Disease	MESH:D009369	Gene	3619	associate	@DISEASE_Neoplasms	@GENE_INCENP
27432226	R18	0.9355	Disease	MESH:D010051	Variant	RS#:5013329;CorrespondingGene:387338	cause	@DISEASE_Ovarian_Neoplasms	@VARIANT_rs5013329
27432226	R19	0.9896	Disease	MESH:D010051	Variant	RS#:1469713;CorrespondingGene:54815	cause	@DISEASE_Ovarian_Neoplasms	@VARIANT_rs1469713
27432226	R20	0.6149	Disease	MESH:D010051	Gene	54815	stimulate	@DISEASE_Ovarian_Neoplasms	@GENE_GATAD2A
27432226	R21	0.9353	Disease	MESH:D009369	Variant	RS#:1469713;CorrespondingGene:54815	cause	@DISEASE_Neoplasms	@VARIANT_rs1469713
27432226	R22	0.6171	Disease	MESH:D010051	Gene	84456	stimulate	@DISEASE_Ovarian_Neoplasms	@GENE_L3MBTL3
27432226	R23	0.9948	Disease	MESH:D001943	Gene	387338	associate	@DISEASE_Breast_Neoplasms	@GENE_NSUN4
27432226	R24	0.9841	Disease	MESH:D009369	Gene	84456	associate	@DISEASE_Neoplasms	@GENE_L3MBTL3
27432226	R25	0.8144	Disease	MESH:D009369	Gene	91433	associate	@DISEASE_Neoplasms	@GENE_RCCD1
27432226	R26	0.9992	Disease	MESH:D009369	Gene	54815	associate	@DISEASE_Neoplasms	@GENE_GATAD2A
27432226	R27	0.9904	Disease	MESH:D009369	Gene	387338	associate	@DISEASE_Neoplasms	@GENE_NSUN4
27432226	R28	0.9358	Disease	MESH:D009369	Gene	3619	associate	@DISEASE_Neoplasms	@GENE_INCENP
27432226	R29	0.9848	Disease	MESH:D061325	Gene	91433	associate	@DISEASE_Hereditary_Breast_and_Ovarian_Cancer_Syndrome	@GENE_RCCD1
27432226	R30	0.9875	Disease	MESH:D001943	Gene	387338	associate	@DISEASE_Breast_Neoplasms	@GENE_NSUN4
27432226	R31	0.99	Disease	MESH:D010051	Gene	84456	associate	@DISEASE_Ovarian_Neoplasms	@GENE_L3MBTL3
27432226	R32	0.988	Disease	MESH:D001943	Gene	84456	associate	@DISEASE_Breast_Neoplasms	@GENE_L3MBTL3
27432226	R33	0.9923	Disease	MESH:D010051	Gene	10018	associate	@DISEASE_Ovarian_Neoplasms	@GENE_BCL2L11
27432226	R34	0.9362	Disease	MESH:D009369	Gene	10018	associate	@DISEASE_Neoplasms	@GENE_BCL2L11
27432226	R35	0.9796	Disease	MESH:D061325	Gene	10592	associate	@DISEASE_Hereditary_Breast_and_Ovarian_Cancer_Syndrome	@GENE_SMC2
27432226	R36	0.9873	Disease	MESH:D010051	Gene	10592	associate	@DISEASE_Ovarian_Neoplasms	@GENE_SMC2
27432226	R37	0.9861	Disease	MESH:D010051	Gene	3619	associate	@DISEASE_Ovarian_Neoplasms	@GENE_INCENP
27432226	R38	0.9876	Disease	MESH:D010051	Gene	91433	associate	@DISEASE_Ovarian_Neoplasms	@GENE_RCCD1
27432226	R39	0.9355	Disease	MESH:D010051	Gene	387338	associate	@DISEASE_Ovarian_Neoplasms	@GENE_NSUN4
27432226	R40	0.9896	Disease	MESH:D010051	Gene	54815	associate	@DISEASE_Ovarian_Neoplasms	@GENE_GATAD2A
27432226	R41	0.9353	Disease	MESH:D009369	Gene	54815	associate	@DISEASE_Neoplasms	@GENE_GATAD2A
21263130	R1	0.9948	Disease	MESH:D001943	Variant	RS#:9383938	cause	@DISEASE_Breast_Neoplasms	@VARIANT_rs9383938
21263130	R2	0.9975	Disease	MESH:D001943	Variant	RS#:3734805;CorrespondingGene:80129	cause	@DISEASE_Breast_Neoplasms	@VARIANT_rs3734805
21263130	R3	0.5108	Disease	MESH:D001943	Gene	2263	associate	@DISEASE_Breast_Neoplasms	@GENE_FGFR2
21263130	R4	0.8767	Disease	MESH:D001943	Gene	5887	associate	@DISEASE_Breast_Neoplasms	@GENE_RAD23B
21263130	R5	0.9984	Disease	MESH:D001943	Variant	RS#:865686	cause	@DISEASE_Breast_Neoplasms	@VARIANT_rs865686
21263130	R6	0.9988	Disease	MESH:D001943	Gene	2099	associate	@DISEASE_Breast_Neoplasms	@GENE_ESR1
21263130	R7	0.9975	Disease	MESH:D001943	Gene	80129	associate	@DISEASE_Breast_Neoplasms	@GENE_CCDC170
35763030	R1	0.9939	Disease	MESH:D003928	Gene	55122	associate	@DISEASE_Diabetic_Nephropathies	@GENE_AKIRIN2
35763030	R2	0.9997	Disease	MESH:D003928	Gene	389075	associate	@DISEASE_Diabetic_Nephropathies	@GENE_RESP18
35763030	R3	0.9996	Disease	MESH:D003928	Gene	1977	associate	@DISEASE_Diabetic_Nephropathies	@GENE_EIF4E
35763030	R4	0.9996	Disease	MESH:D003928	Gene	57642	associate	@DISEASE_Diabetic_Nephropathies	@GENE_COL20A1
35763030	R5	0.9926	Disease	MESH:D003928	Gene	57451	associate	@DISEASE_Diabetic_Nephropathies	@GENE_TENM2
35763030	R6	0.9982	Disease	MESH:D003928	Variant	RS#:72831309;CorrespondingGene:57451	prevent	@DISEASE_Diabetic_Nephropathies	@VARIANT_rs72831309
35763030	R7	0.9984	Disease	MESH:D051436	Gene	57451	associate	@DISEASE_Renal_Insufficiency_Chronic	@GENE_TENM2
35763030	R8	0.9982	Disease	MESH:D003928	Gene	57451	associate	@DISEASE_Diabetic_Nephropathies	@GENE_TENM2
35763030	R9	0.9997	Disease	MESH:D003928	Gene	5798	associate	@DISEASE_Diabetic_Nephropathies	@GENE_PTPRN
35763030	R10	0.9994	Disease	MESH:D003928	Gene	58493	associate	@DISEASE_Diabetic_Nephropathies	@GENE_INIP
35763030	R11	0.9996	Disease	MESH:D003928	Gene	9201	associate	@DISEASE_Diabetic_Nephropathies	@GENE_DCLK1
35763030	R12	0.9992	Disease	MESH:D003928	Gene	57512	associate	@DISEASE_Diabetic_Nephropathies	@GENE_GPR158
35763030	R13	0.9985	Disease	MESH:D005355	Gene	9201	associate	@DISEASE_Fibrosis	@GENE_DCLK1
35763030	R14	0.9984	Disease	MESH:D051436	Variant	RS#:72831309;CorrespondingGene:57451	prevent	@DISEASE_Renal_Insufficiency_Chronic	@VARIANT_rs72831309
35763030	R15	0.9995	Disease	MESH:D003928	Gene	401548	associate	@DISEASE_Diabetic_Nephropathies	@GENE_SNX30
35763030	R16	0.9995	Disease	MESH:D003928	Gene	26065	associate	@DISEASE_Diabetic_Nephropathies	@GENE_LSM14A
35763030	R17	0.9997	Disease	MESH:D003928	Gene	56947	associate	@DISEASE_Diabetic_Nephropathies	@GENE_MFF
35763030	R18	0.9569	Disease	MESH:D051436	Gene	57451	inhibit	@DISEASE_Renal_Insufficiency_Chronic	@GENE_TENM2
34407845	R1	0.8443	Disease	MESH:D001943	Variant	RS#:4679741	associate	@DISEASE_Breast_Neoplasms	@VARIANT_rs4679741
34407845	R2	0.751	Disease	MESH:D001943	Gene	80852	associate	@DISEASE_Breast_Neoplasms	@GENE_GRIP2
34407845	R3	0.6126	Disease	MESH:D001943	Variant	RS#:78754389	associate	@DISEASE_Breast_Neoplasms	@VARIANT_rs78754389
34407845	R4	0.751	Disease	MESH:D001943	Variant	RS#:1106333;CorrespondingGene:80852	associate	@DISEASE_Breast_Neoplasms	@VARIANT_rs1106333
34407845	R5	0.7921	Disease	MESH:D009369	Variant	RS#:5934618;CorrespondingGene:6907	associate	@DISEASE_Neoplasms	@VARIANT_rs5934618
34407845	R6	0.5101	Disease	MESH:D001943	Gene	6907	associate	@DISEASE_Breast_Neoplasms	@GENE_TBL1X
34407845	R7	0.7921	Disease	MESH:D009369	Gene	6907	associate	@DISEASE_Neoplasms	@GENE_TBL1X
34407845	R8	0.5101	Disease	MESH:D001943	Variant	RS#:5934618;CorrespondingGene:6907	associate	@DISEASE_Breast_Neoplasms	@VARIANT_rs5934618
22383897	R1	0.839	Disease	MESH:D001943	Variant	RS#:7107217	cause	@DISEASE_Breast_Neoplasms	@VARIANT_rs7107217
22383897	R2	0.9993	Disease	MESH:D001943	Gene	23118	associate	@DISEASE_Breast_Neoplasms	@GENE_TAB2
22383897	R3	0.9973	Disease	MESH:D001943	Variant	RS#:9383951;CorrespondingGene:2099	cause	@DISEASE_Breast_Neoplasms	@VARIANT_rs9383951
22383897	R4	0.999	Disease	MESH:D001943	Variant	RS#:9485372;CorrespondingGene:23118	cause	@DISEASE_Breast_Neoplasms	@VARIANT_rs9485372
22383897	R5	0.9992	Disease	MESH:D001943	Gene	56911	associate	@DISEASE_Breast_Neoplasms	@GENE_MAP3K7CL
22383897	R6	0.999	Disease	MESH:D001943	Gene	23118	associate	@DISEASE_Breast_Neoplasms	@GENE_TAB2
22383897	R7	0.9973	Disease	MESH:D001943	Gene	2099	associate	@DISEASE_Breast_Neoplasms	@GENE_ESR1
29698419	R1	0.6745	Disease	MESH:D001943	Gene	6091	associate	@DISEASE_Breast_Neoplasms	@GENE_ROBO1
29698419	R2	0.9996	Disease	MESH:D001943	Gene	6091	associate	@DISEASE_Breast_Neoplasms	@GENE_ROBO1
29698419	R3	0.6745	Disease	MESH:D001943	Variant	RS#:7429100;CorrespondingGene:6091	cause	@DISEASE_Breast_Neoplasms	@VARIANT_rs7429100
29698419	R4	0.9522	Disease	MESH:D009369	Gene	6091	inhibit	@DISEASE_Neoplasms	@GENE_ROBO1
29698419	R5	0.8474	Disease	MESH:D001943	Variant	RS#:7430339;CorrespondingGene:6091	cause	@DISEASE_Breast_Neoplasms	@VARIANT_rs7430339
24166409	R1	0.7627	Disease	MESH:D000437	Variant	RS#:1437396	cause	@DISEASE_Alcoholism	@VARIANT_rs1437396
24166409	R2	0.9706	Disease	MESH:D012559	Gene	4528	associate	@DISEASE_Schizophrenia	@GENE_MTIF2
24166409	R3	0.9759	Disease	MESH:D000437	Gene	126	associate	@DISEASE_Alcoholism	@GENE_ADH1C
24166409	R4	0.9942	Disease	MESH:D000437	Variant	HGVS:p.R369C;CorrespondingGene:126	cause	@DISEASE_Alcoholism	@VARIANT_p.R369C_ADH1C_human
24166409	R5	0.4617	Disease	MESH:D012559	Gene	125	associate	@DISEASE_Schizophrenia	@GENE_ADH1B
24166409	R6	0.9952	Disease	MESH:D000437	Variant	RS#:1229984;HGVS:p.R48H;CorrespondingGene:125	cause	@DISEASE_Alcoholism	@VARIANT_p.R48H_ADH1B_human
24166409	R7	0.989	Disease	MESH:D000437	Gene	10611	associate	@DISEASE_Alcoholism	@GENE_PDLIM5
24166409	R8	0.9849	Disease	MESH:D000437	Gene	125	associate	@DISEASE_Alcoholism	@GENE_ADH1B
24166409	R9	0.9912	Disease	MESH:D000437	Variant	RS#:2241894;HGVS:p.T151T;CorrespondingGene:126	cause	@DISEASE_Alcoholism	@VARIANT_p.T151T_ADH1C_human
24166409	R10	0.9573	Disease	MESH:D012559	Gene	55704	associate	@DISEASE_Schizophrenia	@GENE_CCDC88A
24166409	R11	0.7852	Disease	MESH:D000437	Gene	100507053	associate	@DISEASE_Alcoholism	@GENE_LOC100507053
24166409	R12	0.6491	Disease	MESH:D012559	Variant	RS#:1437396	cause	@DISEASE_Schizophrenia	@VARIANT_rs1437396
24166409	R13	0.999	Chemical	MESH:D000438	Gene	125	associate	@CHEMICAL_Alcohols	@GENE_ADH1B
24166409	R14	0.3671	Gene	4528	Gene	55704	interact	@GENE_MTIF2	@GENE_CCDC88A
24166409	R15	0.9987	Chemical	MESH:D000438	Gene	126	associate	@CHEMICAL_Alcohols	@GENE_ADH1C
24166409	R16	0.9942	Disease	MESH:D000437	Gene	126	associate	@DISEASE_Alcoholism	@GENE_ADH1C
24166409	R17	0.9952	Disease	MESH:D000437	Gene	125	associate	@DISEASE_Alcoholism	@GENE_ADH1B
25964295	R1	0.75	Disease	MESH:D001943	Variant	RS#:8113308;CorrespondingGene:79898	cause	@DISEASE_Breast_Neoplasms	@VARIANT_rs8113308
25964295	R2	0.9971	Disease	MESH:D001943	Gene	2099	associate	@DISEASE_Breast_Neoplasms	@GENE_ESR1
25964295	R3	0.75	Disease	MESH:D001943	Gene	79898	associate	@DISEASE_Breast_Neoplasms	@GENE_ZNF613
19330030	R1	0.8536	Disease	MESH:D001943	Variant	RS#:999737;CorrespondingGene:5890	cause	@DISEASE_Breast_Neoplasms	@VARIANT_rs999737
19330030	R2	0.9992	Disease	MESH:D009369	Gene	2099	associate	@DISEASE_Neoplasms	@GENE_ESR1
19330030	R3	0.9937	Gene	2210	Gene	4853	associate	@GENE_FCGR1B	@GENE_NOTCH2
19330030	R4	0.9777	Disease	MESH:D001943	Variant	RS#:11249433;CorrespondingGene:647121	cause	@DISEASE_Breast_Neoplasms	@VARIANT_rs11249433
19330030	R5	0.9989	Disease	MESH:D001943	Gene	5890	associate	@DISEASE_Breast_Neoplasms	@GENE_RAD51B
19330030	R6	0.8536	Disease	MESH:D001943	Gene	5890	associate	@DISEASE_Breast_Neoplasms	@GENE_RAD51B
19330030	R7	0.9777	Disease	MESH:D001943	Gene	647121	associate	@DISEASE_Breast_Neoplasms	@GENE_EMBP1
28739605	R1	0.9974	Disease	MESH:D009103	Variant	RS#:12988804;CorrespondingGene:4036	associate	@DISEASE_Multiple_Sclerosis	@VARIANT_rs12988804
28739605	R2	0.9997	Disease	MESH:D009103	Gene	4036	associate	@DISEASE_Multiple_Sclerosis	@GENE_LRP2
28739605	R3	0.9974	Disease	MESH:D009103	Gene	4036	associate	@DISEASE_Multiple_Sclerosis	@GENE_LRP2
29923122	R1	0.9995	Chemical	MESH:C520399	Gene	55270	associate	@CHEMICAL_2_mercaptopurine	@GENE_NUDT15
29923122	R2	0.9997	Disease	MESH:D007970	Gene	55270	associate	@DISEASE_Leukopenia	@GENE_NUDT15
29923122	R3	0.9989	Disease	MESH:D015212	Gene	55270	associate	@DISEASE_Inflammatory_Bowel_Diseases	@GENE_NUDT15
29923122	R4	0.9945	Disease	MESH:D007970	Gene	55270	associate	@DISEASE_Leukopenia	@GENE_NUDT15
29923122	R5	0.7331	Disease	MESH:D007970	Variant	CorrespondingGene:55270;CorrespondingSpecies:9606;VariantGroup:1;tmVar:p|SUB|R||C	inhibit	@CHEMICAL_2_mercaptopurine	@VARIANT_p.R139C_NUDT15_human
29923122	R6	0.8137	Chemical	MESH:C520399	Variant	RS#:116855232;HGVS:p.R139C;CorrespondingGene:55270	associate	@DISEASE_Alopecia	@VARIANT_p.R139C_NUDT15_human
29923122	R7	0.6872	Chemical	MESH:C520399	Variant	CorrespondingGene:55270;CorrespondingSpecies:9606;VariantGroup:3;tmVar:p|SUB|C||C	treat	@CHEMICAL_2_mercaptopurine	@DISEASE_Inflammatory_Bowel_Diseases
29923122	R8	0.9592	Disease	MESH:D000505	Variant	RS#:116855232;HGVS:p.R139C;CorrespondingGene:55270	cause	@CHEMICAL_2_mercaptopurine	@DISEASE_Leukopenia
29923122	R9	0.7496	Disease	MESH:D007970	Variant	CorrespondingGene:55270;CorrespondingSpecies:9606;VariantGroup:3;tmVar:p|SUB|C||C	associate	@DISEASE_Alopecia	@GENE_NUDT15
29923122	R10	0.9645	Chemical	MESH:C520399	Variant	CorrespondingGene:55270;CorrespondingSpecies:9606;VariantGroup:1;tmVar:p|SUB|R||C	associate	@DISEASE_Alopecia	@GENE_NUDT15
29923122	R11	0.9952	Chemical	MESH:C520399	Disease	MESH:D015212	associate	@DISEASE_Leukopenia	@VARIANT_p.R139C_NUDT15_human
22899653	R1	0.9984	Disease	MESH:D008175	Gene	1030	associate	@DISEASE_Lung_Neoplasms	@GENE_CDKN2B
22899653	R2	0.9617	Disease	MESH:D002294	Variant	RS#:1333040;CorrespondingGene:100048912	associate	@DISEASE_Carcinoma_Squamous_Cell	@VARIANT_rs1333040
22899653	R3	0.7127	Disease	MESH:D008175	Gene	100048912	associate	@DISEASE_Lung_Neoplasms	@GENE_CDKN2B_AS1
22899653	R4	0.9997	Disease	MESH:D008175	Gene	11200	associate	@DISEASE_Lung_Neoplasms	@GENE_CHEK2
22899653	R5	0.9996	Disease	MESH:D008175	Gene	7158	associate	@DISEASE_Lung_Neoplasms	@GENE_TP53BP1
22899653	R6	0.9994	Disease	MESH:D002294	Gene	1030	associate	@DISEASE_Carcinoma_Squamous_Cell	@GENE_CDKN2B
22899653	R7	0.9994	Disease	MESH:D002294	Gene	100048912	associate	@DISEASE_Carcinoma_Squamous_Cell	@GENE_CDKN2B_AS1
22899653	R8	0.9959	Disease	MESH:D008175	Gene	1029	associate	@DISEASE_Lung_Neoplasms	@GENE_CDKN2A
22899653	R9	0.9995	Disease	MESH:D002294	Gene	1029	associate	@DISEASE_Carcinoma_Squamous_Cell	@GENE_CDKN2A
22899653	R10	0.9996	Disease	MESH:D008175	Gene	5893	associate	@DISEASE_Lung_Neoplasms	@GENE_RAD52
22899653	R11	0.7127	Disease	MESH:D008175	Variant	RS#:1333040;CorrespondingGene:100048912	cause	@DISEASE_Lung_Neoplasms	@VARIANT_rs1333040
24737748	R1	0.9986	Disease	MESH:D015179	Variant	RS#:2423297	cause	@DISEASE_Colorectal_Neoplasms	@VARIANT_rs2423297
24737748	R2	0.9971	Disease	MESH:D015179	Variant	RS#:1035209	cause	@DISEASE_Colorectal_Neoplasms	@VARIANT_rs1035209
24737748	R3	0.9995	Disease	MESH:D015179	Gene	894	associate	@DISEASE_Colorectal_Neoplasms	@GENE_CCND2
24737748	R4	0.9317	Disease	MESH:D015179	Variant	RS#:10911251;CorrespondingGene:3915	cause	@DISEASE_Colorectal_Neoplasms	@VARIANT_rs10911251
24737748	R5	0.9932	Disease	MESH:D015179	Variant	RS#:59336;CorrespondingGene:6926	cause	@DISEASE_Colorectal_Neoplasms	@VARIANT_rs59336
24737748	R6	0.9875	Disease	MESH:D015179	Variant	RS#:3217810;CorrespondingGene:894	cause	@DISEASE_Colorectal_Neoplasms	@VARIANT_rs3217810
24737748	R7	0.9974	Disease	MESH:D015179	Variant	RS#:647161;CorrespondingGene:100996485	cause	@DISEASE_Colorectal_Neoplasms	@VARIANT_rs647161
24737748	R8	0.9959	Disease	MESH:D015179	Variant	RS#:10774214;CorrespondingGene:103752584	cause	@DISEASE_Colorectal_Neoplasms	@VARIANT_rs10774214
24737748	R9	0.9995	Disease	MESH:D015179	Gene	3915	associate	@DISEASE_Colorectal_Neoplasms	@GENE_LAMC1
24737748	R10	0.9317	Disease	MESH:D015179	Gene	3915	associate	@DISEASE_Colorectal_Neoplasms	@GENE_LAMC1
24737748	R11	0.9932	Disease	MESH:D015179	Gene	6926	associate	@DISEASE_Colorectal_Neoplasms	@GENE_TBX3
24737748	R12	0.9875	Disease	MESH:D015179	Gene	894	associate	@DISEASE_Colorectal_Neoplasms	@GENE_CCND2
24737748	R13	0.9974	Disease	MESH:D015179	Gene	100996485	associate	@DISEASE_Colorectal_Neoplasms	@GENE_C5ORF66
24737748	R14	0.9959	Disease	MESH:D015179	Gene	103752584	associate	@DISEASE_Colorectal_Neoplasms	@GENE_CCND2_AS2
34671089	R1	0.7038	Disease	MESH:D003111	Variant	RS#:11065828;CorrespondingGene:23316	associate	@DISEASE_Colonic_Polyps	@VARIANT_rs11065828
34671089	R2	0.6837	Disease	MESH:D015179	Variant	RS#:11065828;CorrespondingGene:23316	cause	@DISEASE_Colorectal_Neoplasms	@VARIANT_rs11065828
34671089	R3	0.9993	Disease	MESH:D003111	Gene	23316	associate	@DISEASE_Colonic_Polyps	@GENE_CUX2
34671089	R4	0.9995	Disease	MESH:D015179	Gene	23316	associate	@DISEASE_Colorectal_Neoplasms	@GENE_CUX2
34671089	R5	0.7038	Disease	MESH:D003111	Gene	23316	associate	@DISEASE_Colonic_Polyps	@GENE_CUX2
34671089	R6	0.6837	Disease	MESH:D015179	Gene	23316	associate	@DISEASE_Colorectal_Neoplasms	@GENE_CUX2
26621817	R1	0.4327	Disease	MESH:D001327	Gene	10019	associate	@DISEASE_Autoimmune_Diseases	@GENE_SH2B3
26621817	R2	0.9993	Disease	MESH:D016889	Gene	7012	associate	@DISEASE_Endometrial_Neoplasms	@GENE_TERC
26621817	R3	0.9707	Disease	MESH:D009369	Gene	10019	associate	@DISEASE_Neoplasms	@GENE_SH2B3
26621817	R4	0.4971	Disease	MESH:D009369	Variant	RS#:2736100;CorrespondingGene:7015	cause	@DISEASE_Neoplasms	@VARIANT_c.1574_3777G>T_TERT_human
26621817	R5	0.6387	Disease	MESH:D001327	Variant	RS#:2736100;CorrespondingGene:7015	cause	@DISEASE_Autoimmune_Diseases	@VARIANT_c.1574_3777G>T_TERT_human
26621817	R6	0.9838	Disease	MESH:D015179	Variant	RS#:3184504;CorrespondingGene:10019	cause	@DISEASE_Colorectal_Neoplasms	@VARIANT_p.R262W_SH2B3_human
26621817	R7	0.9966	Disease	MESH:D016889	Variant	RS#:3184504;CorrespondingGene:10019	cause	@DISEASE_Endometrial_Neoplasms	@VARIANT_p.R262W_SH2B3_human
26621817	R8	0.9824	Disease	MESH:D016889	Variant	RS#:12970291	cause	@DISEASE_Endometrial_Neoplasms	@VARIANT_rs12970291
26621817	R9	0.9989	Disease	MESH:D016889	Gene	7015	associate	@DISEASE_Endometrial_Neoplasms	@GENE_TERT
26621817	R10	0.9679	Disease	MESH:D015179	Variant	RS#:2736100;CorrespondingGene:7015	prevent	@DISEASE_Colorectal_Neoplasms	@VARIANT_c.1574_3777G>T_TERT_human
26621817	R11	0.9105	Disease	MESH:D015179	Variant	RS#:12970291	cause	@DISEASE_Colorectal_Neoplasms	@VARIANT_rs12970291
26621817	R12	0.9955	Disease	MESH:D016889	Gene	7015	associate	@DISEASE_Endometrial_Neoplasms	@GENE_TERT
26621817	R13	0.7149	Disease	MESH:D009369	Gene	10194	associate	@DISEASE_Neoplasms	@GENE_TSHZ1
26621817	R14	0.6387	Disease	MESH:D001327	Gene	7015	associate	@DISEASE_Autoimmune_Diseases	@GENE_TERT
26621817	R15	0.9955	Disease	MESH:D016889	Variant	RS#:2736100;CorrespondingGene:7015	cause	@DISEASE_Endometrial_Neoplasms	@VARIANT_c.1574_3777G>T_TERT_human
26621817	R16	0.9989	Disease	MESH:D015179	Gene	7015	associate	@DISEASE_Colorectal_Neoplasms	@GENE_TERT
26621817	R17	0.8556	Disease	MESH:D015179	Gene	7012	associate	@DISEASE_Colorectal_Neoplasms	@GENE_TERC
26621817	R18	0.9838	Disease	MESH:D015179	Gene	10019	associate	@DISEASE_Colorectal_Neoplasms	@GENE_SH2B3
26621817	R19	0.8565	Disease	MESH:D009369	Variant	RS#:12970291	associate	@DISEASE_Neoplasms	@VARIANT_rs12970291
26621817	R20	0.9966	Disease	MESH:D016889	Gene	10019	associate	@DISEASE_Endometrial_Neoplasms	@GENE_SH2B3
26621817	R21	0.9995	Disease	MESH:D001327	Gene	10019	associate	@DISEASE_Autoimmune_Diseases	@GENE_SH2B3
26621817	R22	0.9654	Disease	MESH:D015179	Gene	10194	associate	@DISEASE_Colorectal_Neoplasms	@GENE_TSHZ1
26621817	R23	0.9995	Disease	MESH:D016889	Gene	10194	associate	@DISEASE_Endometrial_Neoplasms	@GENE_TSHZ1
26621817	R24	0.9995	Disease	MESH:D016889	Gene	10019	associate	@DISEASE_Endometrial_Neoplasms	@GENE_SH2B3
26621817	R25	0.4971	Disease	MESH:D009369	Gene	7015	associate	@DISEASE_Neoplasms	@GENE_TERT
26621817	R26	0.8555	Disease	MESH:D009369	Gene	7015	associate	@DISEASE_Neoplasms	@GENE_TERT
26621817	R27	0.4327	Disease	MESH:D001327	Variant	RS#:3184504;CorrespondingGene:10019	cause	@DISEASE_Autoimmune_Diseases	@VARIANT_p.R262W_SH2B3_human
26621817	R28	0.9679	Disease	MESH:D015179	Gene	7015	associate	@DISEASE_Colorectal_Neoplasms	@GENE_TERT
25990418	R1	0.9956	Disease	MESH:D015179	Variant	RS#:72647484	cause	@DISEASE_Colorectal_Neoplasms	@VARIANT_rs72647484
25990418	R2	0.934	Disease	MESH:D015179	Variant	RS#:10904849;CorrespondingGene:8029	cause	@DISEASE_Colorectal_Neoplasms	@VARIANT_rs10904849
25990418	R3	0.976	Disease	MESH:D015179	Gene	8029	associate	@DISEASE_Colorectal_Neoplasms	@GENE_CUBN
25990418	R4	0.9994	Disease	MESH:D015179	Gene	998	associate	@DISEASE_Colorectal_Neoplasms	@GENE_CDC42
25990418	R5	0.9977	Disease	MESH:D015179	Gene	54361	associate	@DISEASE_Colorectal_Neoplasms	@GENE_WNT4
25990418	R6	0.9957	Disease	MESH:D015179	Gene	2300	associate	@DISEASE_Colorectal_Neoplasms	@GENE_FOXL1
25990418	R7	0.9922	Disease	MESH:D015179	Variant	RS#:16941835	cause	@DISEASE_Colorectal_Neoplasms	@VARIANT_rs16941835
25990418	R8	0.934	Disease	MESH:D015179	Gene	8029	associate	@DISEASE_Colorectal_Neoplasms	@GENE_CUBN
35512400	R1	0.9933	Disease	MESH:D015179	Variant	RS#:10782186;CorrespondingGene:285761	prevent	@DISEASE_Colorectal_Neoplasms	@VARIANT_rs10782186
35512400	R2	0.9497	Disease	MESH:D015179	Variant	RS#:117868593	prevent	@DISEASE_Colorectal_Neoplasms	@VARIANT_rs117868593
35512400	R3	0.9516	Disease	MESH:D015179	Gene	2904	associate	@DISEASE_Colorectal_Neoplasms	@GENE_GRIN2B
35512400	R4	0.9933	Disease	MESH:D015179	Gene	285761	associate	@DISEASE_Colorectal_Neoplasms	@GENE_DCBLD1
31826910	R1	0.9964	Disease	MESH:D015179	Variant	RS#:62558833;CorrespondingGene:55833	cause	@DISEASE_Colorectal_Neoplasms	@VARIANT_rs62558833
31826910	R2	0.9988	Disease	MESH:D015179	Variant	RS#:67052019	cause	@DISEASE_Colorectal_Neoplasms	@VARIANT_rs67052019
31826910	R3	0.9972	Disease	MESH:D015179	Variant	RS#:11108175;CorrespondingGene:100132594	cause	@DISEASE_Colorectal_Neoplasms	@VARIANT_rs11108175
31826910	R4	0.9907	Disease	MESH:D015179	Variant	RS#:60911071	cause	@DISEASE_Colorectal_Neoplasms	@VARIANT_rs60911071
31826910	R5	0.9972	Disease	MESH:D015179	Variant	RS#:9634162	cause	@DISEASE_Colorectal_Neoplasms	@VARIANT_rs9634162
31826910	R6	0.9939	Disease	MESH:D015179	Variant	RS#:2938616	cause	@DISEASE_Colorectal_Neoplasms	@VARIANT_rs2938616
31826910	R7	0.9964	Disease	MESH:D015179	Gene	55833	associate	@DISEASE_Colorectal_Neoplasms	@GENE_UBAP2
31826910	R8	0.9972	Disease	MESH:D015179	Gene	100132594	associate	@DISEASE_Colorectal_Neoplasms	@GENE_PGAM1P5
34996992	R1	0.8981	Disease	MESH:D015179	Variant	RS#:189655236;CorrespondingGene:118426	cause	@DISEASE_Colorectal_Neoplasms	@VARIANT_rs189655236
34996992	R2	0.8981	Disease	MESH:D015179	Gene	118426	associate	@DISEASE_Colorectal_Neoplasms	@GENE_BORCS5
34996992	R3	0.9984	Disease	MESH:D009369	Variant	RS#:698022	associate	@DISEASE_Neoplasms	@VARIANT_rs698022
34996992	R4	0.9959	Disease	MESH:D009369	Gene	118426	associate	@DISEASE_Neoplasms	@GENE_BORCS5
34996992	R5	0.9783	Disease	MESH:D015179	Variant	RS#:698022	cause	@DISEASE_Colorectal_Neoplasms	@VARIANT_rs698022
34996992	R6	0.9959	Disease	MESH:D009369	Variant	RS#:189655236;CorrespondingGene:118426	associate	@DISEASE_Neoplasms	@VARIANT_rs189655236
34996992	R7	0.8479	Disease	MESH:D015179	Variant	RS#:144717887	cause	@DISEASE_Colorectal_Neoplasms	@VARIANT_rs144717887
22159054	R1	0.9987	Disease	MESH:D000544	Gene	5819	associate	@DISEASE_Alzheimer_Disease	@GENE_NECTIN2
22159054	R2	0.998	Disease	MESH:D000544	Variant	RS#:6859;CorrespondingGene:5819	cause	@DISEASE_Alzheimer_Disease	@VARIANT_rs6859
22159054	R3	0.998	Disease	MESH:D000544	Gene	5819	associate	@DISEASE_Alzheimer_Disease	@GENE_NECTIN2
