PMC	id	is_neural_normalized	prob	mention	normalized_name	mutation_type	obj	span_begin	span_end	dbSNP
	['mesh:D007014']	True	0.9999978542327881	Hypophosphatasia			disease	0	16	
	['mesh:D030342']	False	0.999988853931427	inherited disorder			disease	27	45	
	['mesh:C562793', 'mim:241530']	True	0.9999713897705078	deficiency of serum and tissue liver/ bone/kidney tissue alkaline phosphatase			disease	97	174	
	['NCBIGene:3945']	True	0.9305721521377563	L/B			gene	176	179	
	['NCBIGene:3734']	False	0.8949529528617859	K ALP			gene	180	185	
	['CUI-less']	False	0.6965394616127014	tissue-nonspecific alkaline phosphatase (TNSALP) gene			DNA	231	284	
	['NCBIGene:249']	True	0.9989643096923828	tissue-nonspecific alkaline phosphatase			gene	231	270	
	['NCBIGene:249']	False	0.9701005220413208	TNSALP			gene	272	278	
	['mesh:D007014']	True	0.9999500513076782	hypophosphatasia			disease	340	356	
	['CUI-less']	False		M45L	p|SUB|M|45|L	ProteinMutation	mutation	536	540	
	['CUI-less']	False	0.4951430857181549	R119H			DNA	542	547	
	['CUI-less']	False		R119H	p|SUB|R|119|H;RS#:121918011	ProteinMutation	mutation	542	547	rs121918011
	['CUI-less']	False	0.4685744345188141	G145V			DNA	549	554	
	['CUI-less']	False		G145V	p|SUB|G|145|V;RS#:121918012	ProteinMutation	mutation	549	554	rs121918012
	['CUI-less']	False		C184Y	p|SUB|C|184|Y	ProteinMutation	mutation	556	561	
	['CUI-less']	False	0.5366805195808411	H154Y			DNA	566	571	
	['CUI-less']	False		H154Y	p|SUB|H|154|Y	ProteinMutation	mutation	566	571	
	['CUI-less']	False	0.5396391749382019	D289V			DNA	573	578	
	['CUI-less']	False		D289V	p|SUB|D|289|V	ProteinMutation	mutation	573	578	
	['CUI-less']	False		E459K	p|SUB|E|459|K	ProteinMutation	mutation	580	585	
	['CUI-less']	False	0.7112703919410706	544delG			RNA	640	647	
	['CUI-less']	False		544delG	c|DEL|544|G	DNAMutation	mutation	640	647	
	['CUI-less']	False	0.3974476158618927	1172delC			RNA	652	660	
	['CUI-less']	False		1172delC	c|DEL|1172|C	DNAMutation	mutation	652	660	
	['CUI-less']	False	0.6419878005981445	donor splice site			DNA	684	701	
	['CUI-less']	False	0.7607964277267456	862 +			RNA	703	708	
	['CUI-less']	False		R411X	p|SUB|R|411|X	ProteinMutation	mutation	738	743	
